{
  "parent": "item/generated",
  "textures": {
    "layer0": "item/music_disc_13"
  },
  "overrides": [
    {
      "predicate": {
        "custom_model_data": 37000
      },
      "model": "item/lava_chicken___remix0"
    },
    {
      "predicate": {
        "custom_model_data": 37001
      },
      "model": "item/sweden___remix1"
    },
    {
      "predicate": {
        "custom_model_data": 37002
      },
      "model": "item/rock_that_body2"
    },
    {
      "predicate": {
        "custom_model_data": 37003
      },
      "model": "item/golem_official3"
    },
    {
      "predicate": {
        "custom_model_data": 37004
      },
      "model": "item/feel_it4"
    }
  ]
}