{
  "model": {
    "type": "select",
    "property": "custom_model_data",
    "fallback": {
      "type": "model",
      "model": "item/music_disc_13"
    },
    "cases": [
      {
        "when": "rock_thet_body0",
        "model": {
          "type": "model",
          "model": "item/rock_thet_body0"
        }
      },
      {
        "when": "lava_chicken1",
        "model": {
          "type": "model",
          "model": "item/lava_chicken1"
        }
      },
      {
        "when": "swedenedm2",
        "model": {
          "type": "model",
          "model": "item/swedenedm2"
        }
      }
    ]
  }
}