{
  "model": {
    "type": "select",
    "property": "custom_model_data",
    "fallback": {
      "type": "model",
      "model": "item/music_disc_13"
    },
    "cases": [
      {
        "when": "feel_it0",
        "model": {
          "type": "model",
          "model": "item/feel_it0"
        }
      },
      {
        "when": "golem_official1",
        "model": {
          "type": "model",
          "model": "item/golem_official1"
        }
      },
      {
        "when": "lava_chicken2",
        "model": {
          "type": "model",
          "model": "item/lava_chicken2"
        }
      },
      {
        "when": "rock_that_body3",
        "model": {
          "type": "model",
          "model": "item/rock_that_body3"
        }
      },
      {
        "when": "sweden_edm4",
        "model": {
          "type": "model",
          "model": "item/sweden_edm4"
        }
      }
    ]
  }
}