{
  "music_disc.feel_it0": {
    "sounds": [
      {
        "name": "records/music_disc_feel_it0",
        "stream": true
      }
    ]
  },
  "music_disc.golem_official1": {
    "sounds": [
      {
        "name": "records/music_disc_golem_official1",
        "stream": true
      }
    ]
  },
  "music_disc.lava_chicken2": {
    "sounds": [
      {
        "name": "records/music_disc_lava_chicken2",
        "stream": true
      }
    ]
  },
  "music_disc.rock_that_body3": {
    "sounds": [
      {
        "name": "records/music_disc_rock_that_body3",
        "stream": true
      }
    ]
  },
  "music_disc.sweden_edm4": {
    "sounds": [
      {
        "name": "records/music_disc_sweden_edm4",
        "stream": true
      }
    ]
  }
}