{
  "music_disc.lava_chicken___remix0": {
    "sounds": [
      {
        "name": "records/music_disc_lava_chicken___remix0",
        "stream": true
      }
    ]
  },
  "music_disc.sweden___remix1": {
    "sounds": [
      {
        "name": "records/music_disc_sweden___remix1",
        "stream": true
      }
    ]
  },
  "music_disc.rock_that_body2": {
    "sounds": [
      {
        "name": "records/music_disc_rock_that_body2",
        "stream": true
      }
    ]
  },
  "music_disc.golem_official3": {
    "sounds": [
      {
        "name": "records/music_disc_golem_official3",
        "stream": true
      }
    ]
  },
  "music_disc.feel_it4": {
    "sounds": [
      {
        "name": "records/music_disc_feel_it4",
        "stream": true
      }
    ]
  }
}